date,type
20/2/2025,Travel
21/2/2025,Travel
22/2/2025,Travel
23/2/2025,Travel
24/2/2025,Travel
25/2/2025,Travel
26/2/2025,Travel
27/2/2025,Travel
28/2/2025,Travel
1/3/2025,Travel
2/3/2025,Travel
3/3/2025,Travel
4/3/2025,Travel
5/3/2025,Travel
6/3/2025,Travel
7/3/2025,Travel
8/3/2025,Travel
9/3/2025,Travel
10/3/2025,Travel
11/3/2025,Travel
12/3/2025,Travel
13/3/2025,Travel
14/3/2025,Travel
15/3/2025,Travel
16/3/2025,Work
17/3/2025,Travel
18/3/2025,Travel
19/3/2025,Travel
20/3/2025,Work
21/3/2025,Work
22/3/2025,Travel
23/3/2025,Travel
24/3/2025,Travel
25/3/2025,Travel
26/3/2025,Travel
27/3/2025,Work
28/3/2025,Work
29/3/2025,Travel
30/3/2025,Work
31/3/2025,Travel
1/4/2025,Travel
2/4/2025,Work
3/4/2025,Work
4/4/2025,Work
5/4/2025,Travel
6/4/2025,Work
7/4/2025,Work
8/4/2025,Work
9/4/2025,Work
10/4/2025,Travel
11/4/2025,Travel
12/4/2025,Travel
13/4/2025,Travel
14/4/2025,Travel
15/4/2025,Travel
16/4/2025,Work
17/4/2025,Travel
18/4/2025,Travel
19/4/2025,Travel
20/4/2025,Travel
21/4/2025,Travel
22/4/2025,Travel
23/4/2025,Work
24/4/2025,Work
25/4/2025,Travel
26/4/2025,Work
27/4/2025,Travel
28/4/2025,Travel
29/4/2025,Travel
30/4/2025,Travel
1/5/2025,Travel
2/5/2025,Travel
3/5/2025,Work
4/5/2025,Travel
5/5/2025,Travel
6/5/2025,Travel
7/5/2025,Travel
8/5/2025,Work
9/5/2025,Travel
10/5/2025,Travel
11/5/2025,Travel
12/5/2025,Travel
13/5/2025,Travel
14/5/2025,Travel
15/5/2025,Volunteer
16/5/2025,Volunteer
17/5/2025,Volunteer
18/5/2025,Volunteer
19/5/2025,Volunteer
20/5/2025,Volunteer
21/5/2025,Volunteer
22/5/2025,Volunteer
23/5/2025,Volunteer
24/5/2025,Travel
25/5/2025,Travel
26/5/2025,Travel
27/5/2025,Travel
28/5/2025,Travel
29/5/2025,Volunteer
30/5/2025,Volunteer
31/5/2025,Volunteer
1/6/2025,Volunteer
2/6/2025,Volunteer
3/6/2025,Volunteer
4/6/2025,Volunteer
5/6/2025,Volunteer
6/6/2025,Volunteer
7/6/2025,Volunteer
8/6/2025,Volunteer
9/6/2025,Volunteer
10/6/2025,Volunteer
11/6/2025,Volunteer
12/6/2025,Travel
13/6/2025,Travel
14/6/2025,Travel
15/6/2025,Travel
16/6/2025,Work
17/6/2025,Travel
18/6/2025,Work
19/6/2025,Travel
20/6/2025,Work
21/6/2025,Work
22/6/2025,Work
23/6/2025,Travel
24/6/2025,Work
25/6/2025,Snowboard
26/6/2025,Travel
27/6/2025,Work
28/6/2025,Work
29/6/2025,Travel
30/6/2025,Work
1/7/2025,Work
2/7/2025,Work
3/7/2025,Work
4/7/2025,Work
5/7/2025,Travel
6/7/2025,Travel
7/7/2025,Work
8/7/2025,Work
9/7/2025,Work
10/7/2025,Work
11/7/2025,Work
12/7/2025,Work
13/7/2025,Work
14/7/2025,Work
15/7/2025,Work
16/7/2025,Work
17/7/2025,Work
18/7/2025,Travel
19/7/2025,Work
20/7/2025,Work
21/7/2025,Travel
22/7/2025,Travel
23/7/2025,Snowboard
24/7/2025,Travel
25/7/2025,Travel
26/7/2025,Travel
27/7/2025,Snowboard
28/7/2025,Work
29/7/2025,Work
30/7/2025,Work
31/7/2025,Work
1/8/2025,Work
2/8/2025,Work
3/8/2025,Snowboard
4/8/2025,Work
5/8/2025,Work
6/8/2025,Work
7/8/2025,Work
8/8/2025,Work
9/8/2025,Work
10/8/2025,Snowboard
11/8/2025,Work
12/8/2025,Work
13/8/2025,Travel
14/8/2025,Snowboard
15/8/2025,Work
16/8/2025,Work
17/8/2025,Work
18/8/2025,Travel
19/8/2025,Work
20/8/2025,Snowboard
21/8/2025,Work
22/8/2025,Snowboard
23/8/2025,Work
24/8/2025,Work
25/8/2025,Work
26/8/2025,Work
27/8/2025,Snowboard
28/8/2025,Work
29/8/2025,Snowboard
30/8/2025,Work
31/8/2025,Work
1/9/2025,Snowboard
2/9/2025,Snowboard
3/9/2025,Work
4/9/2025,Work
5/9/2025,Work
6/9/2025,Work
7/9/2025,Work
8/9/2025,Snowboard
9/9/2025,Travel
10/9/2025,Work
11/9/2025,Work
12/9/2025,Work
13/9/2025,Work
14/9/2025,Work
15/9/2025,Snowboard
16/9/2025,Snowboard
17/9/2025,Travel
18/9/2025,Work
19/9/2025,Work
20/9/2025,Work
21/9/2025,Work
22/9/2025,Work
23/9/2025,Work
24/9/2025,Snowboard
25/9/2025,Snowboard
26/9/2025,Work
27/9/2025,Work
28/9/2025,Work
29/9/2025,Work
30/9/2025,Work
1/10/2025,Work
2/10/2025,Snowboard
3/10/2025,Snowboard
4/10/2025,Work
5/10/2025,Work
6/10/2025,Work
7/10/2025,Work
8/10/2025,Travel
9/10/2025,Snowboard
10/10/2025,Work
11/10/2025,Work
12/10/2025,Snowboard
13/10/2025,Travel
14/10/2025,Travel
15/10/2025,Travel
16/10/2025,Work
17/10/2025,Work
18/10/2025,Work
19/10/2025,Work
20/10/2025,Work
21/10/2025,Work
22/10/2025,Travel
23/10/2025,Travel
24/10/2025,Travel
25/10/2025,Work
26/10/2025,Work
27/10/2025,Work
28/10/2025,Travel
29/10/2025,Travel
30/10/2025,Travel
31/10/2025,Work
1/11/2025,Work
2/11/2025,Work
3/11/2025,Work
4/11/2025,Travel
5/11/2025,Travel
6/11/2025,Work
7/11/2025,Work
8/11/2025,Work
9/11/2025,Work
10/11/2025,Work
11/11/2025,Work
12/11/2025,Travel
13/11/2025,Travel
14/11/2025,Work
15/11/2025,Work
16/11/2025,Work
17/11/2025,Travel
18/11/2025,Travel
19/11/2025,Travel
20/11/2025,Travel
21/11/2025,Travel
22/11/2025,Travel
23/11/2025,Volunteer
24/11/2025,Volunteer
25/11/2025,Volunteer
26/11/2025,Volunteer
27/11/2025,Volunteer
28/11/2025,Volunteer
29/11/2025,Volunteer
30/11/2025,Volunteer
1/12/2025,Volunteer
2/12/2025,Travel
3/12/2025,Travel
4/12/2025,Travel
5/12/2025,Travel
6/12/2025,Travel
7/12/2025,Travel
8/12/2025,Travel
9/12/2025,Travel
10/12/2025,Travel
11/12/2025,Travel
12/12/2025,Travel
13/12/2025,Travel
14/12/2025,Travel
15/12/2025,Volunteer
16/12/2025,Volunteer
17/12/2025,Volunteer
18/12/2025,Volunteer
19/12/2025,Work
20/12/2025,Travel
21/12/2025,Travel
22/12/2025,Work
23/12/2025,Work
24/12/2025,Work
25/12/2025,Travel
26/12/2025,Travel
27/12/2025,Work
28/12/2025,Travel
29/12/2025,Travel
30/12/2025,Travel
31/12/2025,Travel
1/1/2026,Travel
2/1/2026,Travel
3/1/2026,Travel
4/1/2026,Work
5/1/2026,Work
6/1/2026,Travel
7/1/2026,Work
8/1/2026,Work
9/1/2026,Work
10/1/2026,Travel
11/1/2026,Travel
12/1/2026,Work
13/1/2026,Work
14/1/2026,Work
15/1/2026,Travel
16/1/2026,Travel
17/1/2026,Travel
18/1/2026,Work
19/1/2026,Work
20/1/2026,Work
21/1/2026,Work
22/1/2026,Work
23/1/2026,Travel
24/1/2026,Travel
25/1/2026,Travel
26/1/2026,Work
27/1/2026,Work
28/1/2026,Work
29/1/2026,Work
30/1/2026,Travel
31/1/2026,Travel
1/2/2026,Travel
2/2/2026,Travel
3/2/2026,Travel
4/2/2026,Travel
5/2/2026,Travel
6/2/2026,Volunteer
7/2/2026,Volunteer
8/2/2026,Volunteer
9/2/2026,Travel
10/2/2026,Travel
11/2/2026,Travel
12/2/2026,Travel
13/2/2026,Travel
